1754_LFFHG8_1	1	39
1754_LFFHG8_1	2	39
1754_LFFHG8_1	3	40
1754_LFFHG8_1	4	42
1754_LFFHG8_1	5	42
1754_LFFHG8_1	6	42
1754_LFFHG8_1	7	97
1754_LFFHG8_1	8	100
1754_LFFHG8_1	9	100
1754_LFFHG8_1	10	100
1754_LFFHG8_1	11	103
1754_LFFHG8_1	12	104
1754_LFFHG8_1	13	105
1754_LFFHG8_1	14	105
1754_LFFHG8_1	15	105
1754_LFFHG8_1	16	105
1754_LFFHG8_1	17	105
1754_LFFHG8_1	18	105
1754_LFFHG8_1	19	105
1754_LFFHG8_1	20	105
1754_LFFHG8_1	21	105
1754_LFFHG8_1	22	105
1754_LFFHG8_1	23	105
1754_LFFHG8_1	24	105
1754_LFFHG8_1	25	105
1754_LFFHG8_1	26	105
1754_LFFHG8_1	27	105
1754_LFFHG8_1	28	105
1754_LFFHG8_1	29	105
1754_LFFHG8_1	30	105
1754_LFFHG8_1	31	105
1754_LFFHG8_1	32	105
1754_LFFHG8_1	33	105
1754_LFFHG8_1	34	80
1754_LFFHG8_1	35	80
1754_LFFHG8_1	36	74
1754_LFFHG8_1	37	93
1754_LFFHG8_1	38	80
1754_LFFHG8_1	39	84
1754_LFFHG8_1	40	84
1754_LFFHG8_1	41	92
1754_LFFHG8_1	42	86
1754_LFFHG8_1	43	90
1754_LFFHG8_1	44	99
1754_LFFHG8_1	45	97
1754_LFFHG8_1	46	99
1754_LFFHG8_1	47	92
1754_LFFHG8_1	48	86
1754_LFFHG8_1	49	72
1754_LFFHG8_1	50	90
1754_LFFHG8_1	51	102
1754_LFFHG8_1	52	105
1754_LFFHG8_1	53	105
1754_LFFHG8_1	54	105
1754_LFFHG8_1	55	105
1754_LFFHG8_1	56	105
1754_LFFHG8_1	57	105
1754_LFFHG8_1	58	105
1754_LFFHG8_1	59	105
1754_LFFHG8_1	60	105
1754_LFFHG8_1	61	105
1754_LFFHG8_1	62	105
1754_LFFHG8_1	63	105
1754_LFFHG8_1	64	96
1754_LFFHG8_1	65	97
1754_LFFHG8_1	66	98
1754_LFFHG8_1	67	98
1754_LFFHG8_1	68	94
1754_LFFHG8_1	69	98
1754_LFFHG8_1	70	97
1754_LFFHG8_1	71	104
1754_LFFHG8_1	72	104
1754_LFFHG8_1	73	104
1754_LFFHG8_1	74	104
1754_LFFHG8_1	75	104
1754_LFFHG8_1	76	104
1754_LFFHG8_1	77	104
1754_LFFHG8_1	78	104
1754_LFFHG8_1	79	104
1754_LFFHG8_1	80	104
1754_LFFHG8_1	81	103
1754_LFFHG8_1	82	103
1754_LFFHG8_1	83	104
1754_LFFHG8_1	84	66
1754_LFFHG8_1	85	56
1754_LFFHG8_1	86	47
1754_LFFHG8_1	87	39
1754_LFFHG8_1	88	25
1754_LFFHG8_1	89	21
1754_LFFHG8_1	90	24
1754_LFFHG8_1	91	38
1754_LFFHG8_1	92	40
1754_LFFHG8_1	93	27
1754_LFFHG8_1	94	26
1754_LFFHG8_1	95	24
1754_LFFHG8_1	96	23
1754_LFFHG8_1	97	25
1754_LFFHG8_1	98	26
1754_LFFHG8_1	99	25
1754_LFFHG8_1	100	25
1754_LFFHG8_1	101	26
1754_LFFHG8_1	102	27
1754_LFFHG8_1	103	27
1754_LFFHG8_1	104	26
1754_LFFHG8_1	105	26
1754_LFFHG8_1	106	26
1754_LFFHG8_1	107	26
1754_LFFHG8_1	108	26
1754_LFFHG8_1	109	25
1754_LFFHG8_1	110	25
1754_LFFHG8_1	111	25
1754_LFFHG8_1	112	25
1754_LFFHG8_1	113	26
1754_LFFHG8_1	114	27
1754_LFFHG8_1	115	26
1754_LFFHG8_1	116	26
1754_LFFHG8_1	117	26
1754_LFFHG8_1	118	26
1754_LFFHG8_1	119	25
1754_LFFHG8_1	120	25
1754_LFFHG8_1	121	25
1754_LFFHG8_1	122	26
1754_LFFHG8_1	123	26
1754_LFFHG8_1	124	28
1754_LFFHG8_1	125	172
1754_LFFHG8_1	126	173
1754_LFFHG8_1	127	173
1754_LFFHG8_1	128	176
1754_LFFHG8_1	129	177
1754_LFFHG8_1	130	179
1754_LFFHG8_1	131	185
1754_LFFHG8_1	132	172
1754_LFFHG8_1	133	173
1754_LFFHG8_1	134	174
1754_LFFHG8_1	135	177
1754_LFFHG8_1	136	178
1754_LFFHG8_1	137	180
1754_LFFHG8_1	138	183
1754_LFFHG8_1	139	182
1754_LFFHG8_1	140	183
1754_LFFHG8_1	141	179
1754_LFFHG8_1	142	183
1754_LFFHG8_1	143	182
1754_LFFHG8_1	144	174
1754_LFFHG8_1	145	188
1754_LFFHG8_1	146	190
1754_LFFHG8_1	147	190
1754_LFFHG8_1	148	189
1754_LFFHG8_1	149	190
1754_LFFHG8_1	150	190
1754_LFFHG8_1	151	189
1754_LFFHG8_1	152	191
1754_LFFHG8_1	153	192
1754_LFFHG8_1	154	191
1754_LFFHG8_1	155	191
1754_LFFHG8_1	156	191
1754_LFFHG8_1	157	193
1754_LFFHG8_1	158	184
1754_LFFHG8_1	159	188
1754_LFFHG8_1	160	192
1754_LFFHG8_1	161	194
1754_LFFHG8_1	162	193
1754_LFFHG8_1	163	193
1754_LFFHG8_1	164	193
1754_LFFHG8_1	165	193
1754_LFFHG8_1	166	193
1754_LFFHG8_1	167	193
1754_LFFHG8_1	168	194
1754_LFFHG8_1	169	194
1754_LFFHG8_1	170	194
1754_LFFHG8_1	171	192
1754_LFFHG8_1	172	195
1754_LFFHG8_1	173	192
1754_LFFHG8_1	174	194
1754_LFFHG8_1	175	196
1754_LFFHG8_1	176	195
1754_LFFHG8_1	177	195
1754_LFFHG8_1	178	196
1754_LFFHG8_1	179	193
1754_LFFHG8_1	180	193
1754_LFFHG8_1	181	196
1754_LFFHG8_1	182	197
1754_LFFHG8_1	183	195
1754_LFFHG8_1	184	195
1754_LFFHG8_1	185	196
1754_LFFHG8_1	186	196
1754_LFFHG8_1	187	196
1754_LFFHG8_1	188	196
1754_LFFHG8_1	189	196
1754_LFFHG8_1	190	194
1754_LFFHG8_1	191	190
1754_LFFHG8_1	192	194
1754_LFFHG8_1	193	192
1754_LFFHG8_1	194	192
1754_LFFHG8_1	195	194
1754_LFFHG8_1	196	194
1754_LFFHG8_1	197	194
1754_LFFHG8_1	198	195
1754_LFFHG8_1	199	195
1754_LFFHG8_1	200	192
1754_LFFHG8_1	201	192
1754_LFFHG8_1	202	193
1754_LFFHG8_1	203	192
1754_LFFHG8_1	204	194
1754_LFFHG8_1	205	193
1754_LFFHG8_1	206	192
1754_LFFHG8_1	207	189
1754_LFFHG8_1	208	192
1754_LFFHG8_1	209	192
1754_LFFHG8_1	210	192
1754_LFFHG8_1	211	179
1754_LFFHG8_1	212	190
1754_LFFHG8_1	213	189
1754_LFFHG8_1	214	188
1754_LFFHG8_1	215	190
1754_LFFHG8_1	216	191
1754_LFFHG8_1	217	190
1754_LFFHG8_1	218	191
1754_LFFHG8_1	219	190
1754_LFFHG8_1	220	186
1754_LFFHG8_1	221	186
1754_LFFHG8_1	222	189
1754_LFFHG8_1	223	188
1754_LFFHG8_1	224	188
1754_LFFHG8_1	225	187
1754_LFFHG8_1	226	188
1754_LFFHG8_1	227	188
1754_LFFHG8_1	228	186
1754_LFFHG8_1	229	187
1754_LFFHG8_1	230	191
1754_LFFHG8_1	231	192
1754_LFFHG8_1	232	191
1754_LFFHG8_1	233	193
1754_LFFHG8_1	234	193
1754_LFFHG8_1	235	193
1754_LFFHG8_1	236	193
1754_LFFHG8_1	237	190
1754_LFFHG8_1	238	192
1754_LFFHG8_1	239	192
1754_LFFHG8_1	240	197
1754_LFFHG8_1	241	208
1754_LFFHG8_1	242	207
1754_LFFHG8_1	243	207
1754_LFFHG8_1	244	204
1754_LFFHG8_1	245	209
1754_LFFHG8_1	246	207
1754_LFFHG8_1	247	207
1754_LFFHG8_1	248	207
1754_LFFHG8_1	249	206
1754_LFFHG8_1	250	207
1754_LFFHG8_1	251	211
1754_LFFHG8_1	252	216
1754_LFFHG8_1	253	213
1754_LFFHG8_1	254	213
1754_LFFHG8_1	255	213
1754_LFFHG8_1	256	211
1754_LFFHG8_1	257	214
1754_LFFHG8_1	258	213
1754_LFFHG8_1	259	216
1754_LFFHG8_1	260	216
1754_LFFHG8_1	261	221
1754_LFFHG8_1	262	222
1754_LFFHG8_1	263	223
1754_LFFHG8_1	264	224
1754_LFFHG8_1	265	222
1754_LFFHG8_1	266	223
1754_LFFHG8_1	267	228
1754_LFFHG8_1	268	227
1754_LFFHG8_1	269	230
1754_LFFHG8_1	270	228
1754_LFFHG8_1	271	230
1754_LFFHG8_1	272	228
1754_LFFHG8_1	273	228
1754_LFFHG8_1	274	230
1754_LFFHG8_1	275	229
1754_LFFHG8_1	276	230
1754_LFFHG8_1	277	231
1754_LFFHG8_1	278	229
1754_LFFHG8_1	279	229
1754_LFFHG8_1	280	230
1754_LFFHG8_1	281	230
1754_LFFHG8_1	282	231
1754_LFFHG8_1	283	231
1754_LFFHG8_1	284	231
1754_LFFHG8_1	285	237
1754_LFFHG8_1	286	238
1754_LFFHG8_1	287	237
1754_LFFHG8_1	288	237
1754_LFFHG8_1	289	236
1754_LFFHG8_1	290	236
1754_LFFHG8_1	291	238
1754_LFFHG8_1	292	238
1754_LFFHG8_1	293	234
1754_LFFHG8_1	294	238
1754_LFFHG8_1	295	238
1754_LFFHG8_1	296	240
1754_LFFHG8_1	297	240
1754_LFFHG8_1	298	240
1754_LFFHG8_1	299	238
1754_LFFHG8_1	300	237
1754_LFFHG8_1	301	237
1754_LFFHG8_1	302	236
1754_LFFHG8_1	303	237
1754_LFFHG8_1	304	240
1754_LFFHG8_1	305	238
1754_LFFHG8_1	306	237
1754_LFFHG8_1	307	236
1754_LFFHG8_1	308	221
1754_LFFHG8_1	309	233
1754_LFFHG8_1	310	233
1754_LFFHG8_1	311	238
1754_LFFHG8_1	312	238
1754_LFFHG8_1	313	237
1754_LFFHG8_1	314	238
1754_LFFHG8_1	315	237
1754_LFFHG8_1	316	238
1754_LFFHG8_1	317	238
1754_LFFHG8_1	318	237
1754_LFFHG8_1	319	240
1754_LFFHG8_1	320	240
1754_LFFHG8_1	321	237
1754_LFFHG8_1	322	237
1754_LFFHG8_1	323	232
1754_LFFHG8_1	324	235
1754_LFFHG8_1	325	235
1754_LFFHG8_1	326	228
1754_LFFHG8_1	327	222
1754_LFFHG8_1	328	213
1754_LFFHG8_1	329	218
1754_LFFHG8_1	330	215
1754_LFFHG8_1	331	220
1754_LFFHG8_1	332	219
1754_LFFHG8_1	333	218
1754_LFFHG8_1	334	218
1754_LFFHG8_1	335	219
1754_LFFHG8_1	336	214
1754_LFFHG8_1	337	219
1754_LFFHG8_1	338	220
1754_LFFHG8_1	339	218
1754_LFFHG8_1	340	213
1754_LFFHG8_1	341	222
1754_LFFHG8_1	342	219
1754_LFFHG8_1	343	217
1754_LFFHG8_1	344	215
1754_LFFHG8_1	345	216
1754_LFFHG8_1	346	214
1754_LFFHG8_1	347	211
1754_LFFHG8_1	348	213
1754_LFFHG8_1	349	212
1754_LFFHG8_1	350	213
1754_LFFHG8_1	351	213
1754_LFFHG8_1	352	213
1754_LFFHG8_1	353	214
1754_LFFHG8_1	354	212
1754_LFFHG8_1	355	213
1754_LFFHG8_1	356	209
1754_LFFHG8_1	357	213
1754_LFFHG8_1	358	214
1754_LFFHG8_1	359	215
1754_LFFHG8_1	360	215
1754_LFFHG8_1	361	218
1754_LFFHG8_1	362	216
1754_LFFHG8_1	363	215
1754_LFFHG8_1	364	220
1754_LFFHG8_1	365	220
1754_LFFHG8_1	366	221
1754_LFFHG8_1	367	220
1754_LFFHG8_1	368	224
1754_LFFHG8_1	369	224
1754_LFFHG8_1	370	225
1754_LFFHG8_1	371	224
1754_LFFHG8_1	372	224
1754_LFFHG8_1	373	211
1754_LFFHG8_1	374	221
1754_LFFHG8_1	375	225
1754_LFFHG8_1	376	225
1754_LFFHG8_1	377	226
1754_LFFHG8_1	378	223
1754_LFFHG8_1	379	226
1754_LFFHG8_1	380	226
1754_LFFHG8_1	381	221
1754_LFFHG8_1	382	216
1754_LFFHG8_1	383	219
1754_LFFHG8_1	384	215
1754_LFFHG8_1	385	215
1754_LFFHG8_1	386	217
1754_LFFHG8_1	387	215
1754_LFFHG8_1	388	216
1754_LFFHG8_1	389	217
1754_LFFHG8_1	390	217
1754_LFFHG8_1	391	220
1754_LFFHG8_1	392	220
1754_LFFHG8_1	393	221
1754_LFFHG8_1	394	222
1754_LFFHG8_1	395	217
1754_LFFHG8_1	396	219
1754_LFFHG8_1	397	222
1754_LFFHG8_1	398	222
1754_LFFHG8_1	399	221
1754_LFFHG8_1	400	219
1754_LFFHG8_1	401	221
1754_LFFHG8_1	402	217
1754_LFFHG8_1	403	219
1754_LFFHG8_1	404	222
1754_LFFHG8_1	405	221
1754_LFFHG8_1	406	218
1754_LFFHG8_1	407	216
1754_LFFHG8_1	408	219
1754_LFFHG8_1	409	205
1754_LFFHG8_1	410	217
1754_LFFHG8_1	411	222
1754_LFFHG8_1	412	221
1754_LFFHG8_1	413	223
1754_LFFHG8_1	414	223
1754_LFFHG8_1	415	220
1754_LFFHG8_1	416	223
1754_LFFHG8_1	417	220
1754_LFFHG8_1	418	220
1754_LFFHG8_1	419	221
1754_LFFHG8_1	420	221
1754_LFFHG8_1	421	216
1754_LFFHG8_1	422	219
1754_LFFHG8_1	423	221
1754_LFFHG8_1	424	221
1754_LFFHG8_1	425	221
1754_LFFHG8_1	426	221
1754_LFFHG8_1	427	223
1754_LFFHG8_1	428	223
1754_LFFHG8_1	429	226
1754_LFFHG8_1	430	229
1754_LFFHG8_1	431	231
1754_LFFHG8_1	432	231
1754_LFFHG8_1	433	230
1754_LFFHG8_1	434	228
1754_LFFHG8_1	435	234
1754_LFFHG8_1	436	235
1754_LFFHG8_1	437	237
1754_LFFHG8_1	438	232
1754_LFFHG8_1	439	233
1754_LFFHG8_1	440	235
1754_LFFHG8_1	441	237
1754_LFFHG8_1	442	236
1754_LFFHG8_1	443	237
1754_LFFHG8_1	444	221
1754_LFFHG8_1	445	221
1754_LFFHG8_1	446	220
1754_LFFHG8_1	447	220
1754_LFFHG8_1	448	227
1754_LFFHG8_1	449	229
1754_LFFHG8_1	450	228
1754_LFFHG8_1	451	230
1754_LFFHG8_1	452	230
1754_LFFHG8_1	453	229
1754_LFFHG8_1	454	179
1754_LFFHG8_1	455	179
1754_LFFHG8_1	456	176
1754_LFFHG8_1	457	179
1754_LFFHG8_1	458	180
1754_LFFHG8_1	459	181
1754_LFFHG8_1	460	181
1754_LFFHG8_1	461	182
1754_LFFHG8_1	462	179
1754_LFFHG8_1	463	180
1754_LFFHG8_1	464	180
1754_LFFHG8_1	465	178
1754_LFFHG8_1	466	181
1754_LFFHG8_1	467	183
1754_LFFHG8_1	468	183
1754_LFFHG8_1	469	181
1754_LFFHG8_1	470	182
1754_LFFHG8_1	471	183
1754_LFFHG8_1	472	179
1754_LFFHG8_1	473	181
1754_LFFHG8_1	474	187
1754_LFFHG8_1	475	187
1754_LFFHG8_1	476	184
1754_LFFHG8_1	477	186
1754_LFFHG8_1	478	184
1754_LFFHG8_1	479	189
1754_LFFHG8_1	480	191
1754_LFFHG8_1	481	190
1754_LFFHG8_1	482	189
1754_LFFHG8_1	483	191
1754_LFFHG8_1	484	187
1754_LFFHG8_1	485	190
1754_LFFHG8_1	486	189
1754_LFFHG8_1	487	191
1754_LFFHG8_1	488	191
1754_LFFHG8_1	489	192
1754_LFFHG8_1	490	192
1754_LFFHG8_1	491	193
1754_LFFHG8_1	492	191
1754_LFFHG8_1	493	192
1754_LFFHG8_1	494	191
1754_LFFHG8_1	495	190
1754_LFFHG8_1	496	190
1754_LFFHG8_1	497	185
1754_LFFHG8_1	498	187
1754_LFFHG8_1	499	184
1754_LFFHG8_1	500	177
1754_LFFHG8_1	501	176
1754_LFFHG8_1	502	178
1754_LFFHG8_1	503	157
1754_LFFHG8_1	504	171
1754_LFFHG8_1	505	171
1754_LFFHG8_1	506	171
1754_LFFHG8_1	507	174
1754_LFFHG8_1	508	195
1754_LFFHG8_1	509	227
1754_LFFHG8_1	510	225
1754_LFFHG8_1	511	226
1754_LFFHG8_1	512	224
1754_LFFHG8_1	513	230
1754_LFFHG8_1	514	227
1754_LFFHG8_1	515	227
1754_LFFHG8_1	516	232
1754_LFFHG8_1	517	233
1754_LFFHG8_1	518	235
1754_LFFHG8_1	519	238
1754_LFFHG8_1	520	238
1754_LFFHG8_1	521	238
1754_LFFHG8_1	522	241
1754_LFFHG8_1	523	245
1754_LFFHG8_1	524	244
1754_LFFHG8_1	525	245
1754_LFFHG8_1	526	247
1754_LFFHG8_1	527	249
1754_LFFHG8_1	528	252
1754_LFFHG8_1	529	247
1754_LFFHG8_1	530	247
1754_LFFHG8_1	531	247
1754_LFFHG8_1	532	247
1754_LFFHG8_1	533	247
1754_LFFHG8_1	534	245
1754_LFFHG8_1	535	247
1754_LFFHG8_1	536	249
1754_LFFHG8_1	537	252
1754_LFFHG8_1	538	252
1754_LFFHG8_1	539	256
1754_LFFHG8_1	540	254
1754_LFFHG8_1	541	254
1754_LFFHG8_1	542	260
1754_LFFHG8_1	543	261
1754_LFFHG8_1	544	260
1754_LFFHG8_1	545	259
1754_LFFHG8_1	546	264
1754_LFFHG8_1	547	263
1754_LFFHG8_1	548	263
1754_LFFHG8_1	549	265
1754_LFFHG8_1	550	264
1754_LFFHG8_1	551	264
1754_LFFHG8_1	552	265
1754_LFFHG8_1	553	265
1754_LFFHG8_1	554	270
1754_LFFHG8_1	555	268
1754_LFFHG8_1	556	268
1754_LFFHG8_1	557	267
1754_LFFHG8_1	558	266
1754_LFFHG8_1	559	253
1754_LFFHG8_1	560	263
1754_LFFHG8_1	561	265
1754_LFFHG8_1	562	264
1754_LFFHG8_1	563	272
1754_LFFHG8_1	564	277
1754_LFFHG8_1	565	276
1754_LFFHG8_1	566	277
1754_LFFHG8_1	567	276
1754_LFFHG8_1	568	278
1754_LFFHG8_1	569	279
1754_LFFHG8_1	570	275
1754_LFFHG8_1	571	280
1754_LFFHG8_1	572	252
1754_LFFHG8_1	573	278
1754_LFFHG8_1	574	281
1754_LFFHG8_1	575	282
1754_LFFHG8_1	576	282
1754_LFFHG8_1	577	284
1754_LFFHG8_1	578	284
1754_LFFHG8_1	579	287
1754_LFFHG8_1	580	289
1754_LFFHG8_1	581	301
1754_LFFHG8_1	582	303
1754_LFFHG8_1	583	306
1754_LFFHG8_1	584	305
1754_LFFHG8_1	585	302
1754_LFFHG8_1	586	304
1754_LFFHG8_1	587	300
1754_LFFHG8_1	588	305
1754_LFFHG8_1	589	307
1754_LFFHG8_1	590	305
1754_LFFHG8_1	591	304
1754_LFFHG8_1	592	304
1754_LFFHG8_1	593	301
1754_LFFHG8_1	594	306
1754_LFFHG8_1	595	306
1754_LFFHG8_1	596	304
1754_LFFHG8_1	597	304
1754_LFFHG8_1	598	302
1754_LFFHG8_1	599	305
1754_LFFHG8_1	600	305
1754_LFFHG8_1	601	304
1754_LFFHG8_1	602	299
1754_LFFHG8_1	603	303
1754_LFFHG8_1	604	302
1754_LFFHG8_1	605	301
1754_LFFHG8_1	606	302
1754_LFFHG8_1	607	304
1754_LFFHG8_1	608	300
1754_LFFHG8_1	609	303
1754_LFFHG8_1	610	301
1754_LFFHG8_1	611	306
1754_LFFHG8_1	612	306
1754_LFFHG8_1	613	304
1754_LFFHG8_1	614	321
1754_LFFHG8_1	615	318
1754_LFFHG8_1	616	322
1754_LFFHG8_1	617	324
1754_LFFHG8_1	618	323
1754_LFFHG8_1	619	320
1754_LFFHG8_1	620	321
1754_LFFHG8_1	621	317
1754_LFFHG8_1	622	317
1754_LFFHG8_1	623	312
1754_LFFHG8_1	624	317
1754_LFFHG8_1	625	309
1754_LFFHG8_1	626	315
1754_LFFHG8_1	627	316
1754_LFFHG8_1	628	307
1754_LFFHG8_1	629	314
1754_LFFHG8_1	630	310
1754_LFFHG8_1	631	312
1754_LFFHG8_1	632	314
1754_LFFHG8_1	633	308
1754_LFFHG8_1	634	308
1754_LFFHG8_1	635	289
1754_LFFHG8_1	636	289
1754_LFFHG8_1	637	292
1754_LFFHG8_1	638	294
1754_LFFHG8_1	639	292
1754_LFFHG8_1	640	291
1754_LFFHG8_1	641	292
1754_LFFHG8_1	642	289
1754_LFFHG8_1	643	294
1754_LFFHG8_1	644	292
1754_LFFHG8_1	645	291
1754_LFFHG8_1	646	288
1754_LFFHG8_1	647	294
1754_LFFHG8_1	648	290
1754_LFFHG8_1	649	291
1754_LFFHG8_1	650	289
1754_LFFHG8_1	651	292
1754_LFFHG8_1	652	292
1754_LFFHG8_1	653	291
1754_LFFHG8_1	654	292
1754_LFFHG8_1	655	291
1754_LFFHG8_1	656	292
1754_LFFHG8_1	657	293
1754_LFFHG8_1	658	293
1754_LFFHG8_1	659	293
1754_LFFHG8_1	660	291
1754_LFFHG8_1	661	293
1754_LFFHG8_1	662	294
1754_LFFHG8_1	663	295
1754_LFFHG8_1	664	294
1754_LFFHG8_1	665	292
1754_LFFHG8_1	666	289
1754_LFFHG8_1	667	286
1754_LFFHG8_1	668	288
1754_LFFHG8_1	669	247
1754_LFFHG8_1	670	246
1754_LFFHG8_1	671	241
1754_LFFHG8_1	672	232
1754_LFFHG8_1	673	208
1754_LFFHG8_1	674	211
1754_LFFHG8_1	675	208
1754_LFFHG8_1	676	204
1754_LFFHG8_1	677	200
1754_LFFHG8_1	678	193
1754_LFFHG8_1	679	193
1754_LFFHG8_1	680	192
1754_LFFHG8_1	681	193
1754_LFFHG8_1	682	193
1754_LFFHG8_1	683	192
1754_LFFHG8_1	684	193
1754_LFFHG8_1	685	193
1754_LFFHG8_1	686	187
1754_LFFHG8_1	687	187
1754_LFFHG8_1	688	182
1754_LFFHG8_1	689	183
1754_LFFHG8_1	690	184
1754_LFFHG8_1	691	186
1754_LFFHG8_1	692	188
1754_LFFHG8_1	693	185
1754_LFFHG8_1	694	185
1754_LFFHG8_1	695	185
1754_LFFHG8_1	696	183
1754_LFFHG8_1	697	183
1754_LFFHG8_1	698	182
1754_LFFHG8_1	699	182
1754_LFFHG8_1	700	184
1754_LFFHG8_1	701	181
1754_LFFHG8_1	702	177
1754_LFFHG8_1	703	178
1754_LFFHG8_1	704	179
1754_LFFHG8_1	705	180
1754_LFFHG8_1	706	181
1754_LFFHG8_1	707	181
1754_LFFHG8_1	708	180
1754_LFFHG8_1	709	179
1754_LFFHG8_1	710	184
1754_LFFHG8_1	711	185
1754_LFFHG8_1	712	182
1754_LFFHG8_1	713	184
1754_LFFHG8_1	714	182
1754_LFFHG8_1	715	184
1754_LFFHG8_1	716	186
1754_LFFHG8_1	717	187
1754_LFFHG8_1	718	186
1754_LFFHG8_1	719	185
1754_LFFHG8_1	720	183
1754_LFFHG8_1	721	181
1754_LFFHG8_1	722	179
1754_LFFHG8_1	723	179
1754_LFFHG8_1	724	178
1754_LFFHG8_1	725	177
1754_LFFHG8_1	726	176
1754_LFFHG8_1	727	174
1754_LFFHG8_1	728	173
1754_LFFHG8_1	729	172
1754_LFFHG8_1	730	170
1754_LFFHG8_1	731	169
1754_LFFHG8_1	732	170
1754_LFFHG8_1	733	167
1754_LFFHG8_1	734	169
1754_LFFHG8_1	735	169
1754_LFFHG8_1	736	169
1754_LFFHG8_1	737	169
1754_LFFHG8_1	738	169
1754_LFFHG8_1	739	166
1754_LFFHG8_1	740	165
1754_LFFHG8_1	741	164
1754_LFFHG8_1	742	162
1754_LFFHG8_1	743	162
1754_LFFHG8_1	744	162
1754_LFFHG8_1	745	162
1754_LFFHG8_1	746	161
1754_LFFHG8_1	747	160
1754_LFFHG8_1	748	163
1754_LFFHG8_1	749	157
1754_LFFHG8_1	750	153
1754_LFFHG8_1	751	154
1754_LFFHG8_1	752	154
1754_LFFHG8_1	753	151
1754_LFFHG8_1	754	151
1754_LFFHG8_1	755	149
1754_LFFHG8_1	756	148
1754_LFFHG8_1	757	151
1754_LFFHG8_1	758	148
1754_LFFHG8_1	759	147
1754_LFFHG8_1	760	147
1754_LFFHG8_1	761	99
1754_LFFHG8_1	762	98
1754_LFFHG8_1	763	97
1754_LFFHG8_1	764	98
1754_LFFHG8_1	765	99
1754_LFFHG8_1	766	99
1754_LFFHG8_1	767	99
1754_LFFHG8_1	768	98
1754_LFFHG8_1	769	96
1754_LFFHG8_1	770	98
1754_LFFHG8_1	771	95
1754_LFFHG8_1	772	94
1754_LFFHG8_1	773	96
1754_LFFHG8_1	774	97
1754_LFFHG8_1	775	96
1754_LFFHG8_1	776	94
1754_LFFHG8_1	777	96
1754_LFFHG8_1	778	97
1754_LFFHG8_1	779	97
1754_LFFHG8_1	780	94
1754_LFFHG8_1	781	97
1754_LFFHG8_1	782	98
1754_LFFHG8_1	783	96
1754_LFFHG8_1	784	96
1754_LFFHG8_1	785	97
1754_LFFHG8_1	786	97
1754_LFFHG8_1	787	97
1754_LFFHG8_1	788	96
1754_LFFHG8_1	789	97
1754_LFFHG8_1	790	97
1754_LFFHG8_1	791	96
1754_LFFHG8_1	792	97
1754_LFFHG8_1	793	97
1754_LFFHG8_1	794	97
1754_LFFHG8_1	795	97
1754_LFFHG8_1	796	95
1754_LFFHG8_1	797	92
1754_LFFHG8_1	798	94
1754_LFFHG8_1	799	94
1754_LFFHG8_1	800	92
1754_LFFHG8_1	801	91
1754_LFFHG8_1	802	87
1754_LFFHG8_1	803	90
1754_LFFHG8_1	804	79
1754_LFFHG8_1	805	88
1754_LFFHG8_1	806	91
1754_LFFHG8_1	807	93
1754_LFFHG8_1	808	92
1754_LFFHG8_1	809	90
1754_LFFHG8_1	810	87
1754_LFFHG8_1	811	89
1754_LFFHG8_1	812	86
1754_LFFHG8_1	813	88
1754_LFFHG8_1	814	90
1754_LFFHG8_1	815	90
1754_LFFHG8_1	816	91
1754_LFFHG8_1	817	90
1754_LFFHG8_1	818	91
1754_LFFHG8_1	819	89
1754_LFFHG8_1	820	89
1754_LFFHG8_1	821	89
1754_LFFHG8_1	822	89
1754_LFFHG8_1	823	89
1754_LFFHG8_1	824	86
1754_LFFHG8_1	825	82
1754_LFFHG8_1	826	72
1754_LFFHG8_1	827	76
1754_LFFHG8_1	828	76
1754_LFFHG8_1	829	75
1754_LFFHG8_1	830	75
1754_LFFHG8_1	831	61
1754_LFFHG8_1	832	56
1754_LFFHG8_1	833	55
1754_LFFHG8_1	834	54
1754_LFFHG8_1	835	54
1754_LFFHG8_1	836	54
1754_LFFHG8_1	837	51
1754_LFFHG8_1	838	50
1754_LFFHG8_1	839	51
1754_LFFHG8_1	840	51
1754_LFFHG8_1	841	47
1754_LFFHG8_1	842	46
1754_LFFHG8_1	843	46
1754_LFFHG8_1	844	46
1754_LFFHG8_1	845	46
1754_LFFHG8_1	846	44
1754_LFFHG8_1	847	45
1754_LFFHG8_1	848	45
1754_LFFHG8_1	849	45
1754_LFFHG8_1	850	45
1754_LFFHG8_1	851	45
1754_LFFHG8_1	852	43
1754_LFFHG8_1	853	44
1754_LFFHG8_1	854	44
1754_LFFHG8_1	855	44
1754_LFFHG8_1	856	45
1754_LFFHG8_1	857	45
1754_LFFHG8_1	858	46
1754_LFFHG8_1	859	45
1754_LFFHG8_1	860	45
1754_LFFHG8_1	861	43
1754_LFFHG8_1	862	44
1754_LFFHG8_1	863	44
1754_LFFHG8_1	864	44
1754_LFFHG8_1	865	43
1754_LFFHG8_1	866	44
1754_LFFHG8_1	867	43
1754_LFFHG8_1	868	43
1754_LFFHG8_1	869	43
1754_LFFHG8_1	870	43
1754_LFFHG8_1	871	43
1754_LFFHG8_1	872	43
1754_LFFHG8_1	873	43
1754_LFFHG8_1	874	43
1754_LFFHG8_1	875	43
1754_LFFHG8_1	876	43
1754_LFFHG8_1	877	43
1754_LFFHG8_1	878	43
1754_LFFHG8_1	879	43
1754_LFFHG8_1	880	43
1754_LFFHG8_1	881	43
1754_LFFHG8_1	882	43
1754_LFFHG8_1	883	43
1754_LFFHG8_1	884	43
1754_LFFHG8_1	885	43
1754_LFFHG8_1	886	44
1754_LFFHG8_1	887	44
1754_LFFHG8_1	888	43
1754_LFFHG8_1	889	45
1754_LFFHG8_1	890	44
1754_LFFHG8_1	891	43
1754_LFFHG8_1	892	44
1754_LFFHG8_1	893	45
1754_LFFHG8_1	894	45
1754_LFFHG8_1	895	43
1754_LFFHG8_1	896	43
1754_LFFHG8_1	897	44
1754_LFFHG8_1	898	54
1754_LFFHG8_1	899	55
1754_LFFHG8_1	900	56
1754_LFFHG8_1	901	57
1754_LFFHG8_1	902	58
1754_LFFHG8_1	903	58
1754_LFFHG8_1	904	56
1754_LFFHG8_1	905	57
1754_LFFHG8_1	906	55
1754_LFFHG8_1	907	57
1754_LFFHG8_1	908	57
1754_LFFHG8_1	909	57
1754_LFFHG8_1	910	58
1754_LFFHG8_1	911	57
1754_LFFHG8_1	912	58
1754_LFFHG8_1	913	58
1754_LFFHG8_1	914	59
1754_LFFHG8_1	915	59
1754_LFFHG8_1	916	59
1754_LFFHG8_1	917	59
1754_LFFHG8_1	918	59
1754_LFFHG8_1	919	56
1754_LFFHG8_1	920	54
1754_LFFHG8_1	921	54
1754_LFFHG8_1	922	54
1754_LFFHG8_1	923	54
1754_LFFHG8_1	924	62
1754_LFFHG8_1	925	63
1754_LFFHG8_1	926	63
1754_LFFHG8_1	927	61
1754_LFFHG8_1	928	62
1754_LFFHG8_1	929	63
1754_LFFHG8_1	930	64
1754_LFFHG8_1	931	64
1754_LFFHG8_1	932	64
1754_LFFHG8_1	933	64
1754_LFFHG8_1	934	64
1754_LFFHG8_1	935	64
1754_LFFHG8_1	936	64
1754_LFFHG8_1	937	64
1754_LFFHG8_1	938	64
1754_LFFHG8_1	939	64
1754_LFFHG8_1	940	64
1754_LFFHG8_1	941	64
1754_LFFHG8_1	942	64
1754_LFFHG8_1	943	64
1754_LFFHG8_1	944	64
1754_LFFHG8_1	945	65
1754_LFFHG8_1	946	62
1754_LFFHG8_1	947	65
1754_LFFHG8_1	948	66
1754_LFFHG8_1	949	66
1754_LFFHG8_1	950	66
1754_LFFHG8_1	951	65
1754_LFFHG8_1	952	67
1754_LFFHG8_1	953	66
1754_LFFHG8_1	954	66
1754_LFFHG8_1	955	67
1754_LFFHG8_1	956	65
1754_LFFHG8_1	957	66
1754_LFFHG8_1	958	65
1754_LFFHG8_1	959	67
1754_LFFHG8_1	960	64
1754_LFFHG8_1	961	65
1754_LFFHG8_1	962	65
1754_LFFHG8_1	963	68
1754_LFFHG8_1	964	69
1754_LFFHG8_1	965	69
1754_LFFHG8_1	966	69
1754_LFFHG8_1	967	73
1754_LFFHG8_1	968	94
1754_LFFHG8_1	969	138
1754_LFFHG8_1	970	138
1754_LFFHG8_1	971	140
1754_LFFHG8_1	972	141
1754_LFFHG8_1	973	143
1754_LFFHG8_1	974	143
1754_LFFHG8_1	975	143
1754_LFFHG8_1	976	145
1754_LFFHG8_1	977	147
1754_LFFHG8_1	978	147
1754_LFFHG8_1	979	146
1754_LFFHG8_1	980	146
1754_LFFHG8_1	981	146
1754_LFFHG8_1	982	144
1754_LFFHG8_1	983	144
1754_LFFHG8_1	984	144
1754_LFFHG8_1	985	145
1754_LFFHG8_1	986	144
1754_LFFHG8_1	987	144
1754_LFFHG8_1	988	145
1754_LFFHG8_1	989	145
1754_LFFHG8_1	990	143
1754_LFFHG8_1	991	139
1754_LFFHG8_1	992	142
1754_LFFHG8_1	993	141
1754_LFFHG8_1	994	142
1754_LFFHG8_1	995	142
1754_LFFHG8_1	996	142
1754_LFFHG8_1	997	142
1754_LFFHG8_1	998	141
1754_LFFHG8_1	999	143
1754_LFFHG8_1	1000	143
1754_LFFHG8_1	1001	143
1754_LFFHG8_1	1002	143
1754_LFFHG8_1	1003	143
1754_LFFHG8_1	1004	144
1754_LFFHG8_1	1005	143
1754_LFFHG8_1	1006	144
1754_LFFHG8_1	1007	143
1754_LFFHG8_1	1008	144
1754_LFFHG8_1	1009	141
1754_LFFHG8_1	1010	144
1754_LFFHG8_1	1011	144
1754_LFFHG8_1	1012	146
1754_LFFHG8_1	1013	146
1754_LFFHG8_1	1014	146
1754_LFFHG8_1	1015	146
1754_LFFHG8_1	1016	146
1754_LFFHG8_1	1017	143
1754_LFFHG8_1	1018	142
1754_LFFHG8_1	1019	143
1754_LFFHG8_1	1020	143
1754_LFFHG8_1	1021	142
1754_LFFHG8_1	1022	141
1754_LFFHG8_1	1023	140
1754_LFFHG8_1	1024	141
1754_LFFHG8_1	1025	142
1754_LFFHG8_1	1026	141
1754_LFFHG8_1	1027	139
1754_LFFHG8_1	1028	138
1754_LFFHG8_1	1029	137
1754_LFFHG8_1	1030	134
1754_LFFHG8_1	1031	132
1754_LFFHG8_1	1032	130
1754_LFFHG8_1	1033	133
1754_LFFHG8_1	1034	133
1754_LFFHG8_1	1035	133
1754_LFFHG8_1	1036	135
1754_LFFHG8_1	1037	135
1754_LFFHG8_1	1038	136
1754_LFFHG8_1	1039	136
1754_LFFHG8_1	1040	135
1754_LFFHG8_1	1041	135
1754_LFFHG8_1	1042	135
1754_LFFHG8_1	1043	135
1754_LFFHG8_1	1044	135
1754_LFFHG8_1	1045	134
1754_LFFHG8_1	1046	136
1754_LFFHG8_1	1047	136
1754_LFFHG8_1	1048	135
1754_LFFHG8_1	1049	135
1754_LFFHG8_1	1050	133
1754_LFFHG8_1	1051	134
1754_LFFHG8_1	1052	135
1754_LFFHG8_1	1053	135
1754_LFFHG8_1	1054	137
1754_LFFHG8_1	1055	133
1754_LFFHG8_1	1056	135
1754_LFFHG8_1	1057	135
1754_LFFHG8_1	1058	135
1754_LFFHG8_1	1059	134
1754_LFFHG8_1	1060	122
1754_LFFHG8_1	1061	133
1754_LFFHG8_1	1062	129
1754_LFFHG8_1	1063	133
1754_LFFHG8_1	1064	133
1754_LFFHG8_1	1065	136
1754_LFFHG8_1	1066	137
1754_LFFHG8_1	1067	136
1754_LFFHG8_1	1068	134
1754_LFFHG8_1	1069	133
1754_LFFHG8_1	1070	132
1754_LFFHG8_1	1071	135
1754_LFFHG8_1	1072	135
1754_LFFHG8_1	1073	125
1754_LFFHG8_1	1074	135
1754_LFFHG8_1	1075	138
1754_LFFHG8_1	1076	138
1754_LFFHG8_1	1077	138
1754_LFFHG8_1	1078	138
1754_LFFHG8_1	1079	135
1754_LFFHG8_1	1080	134
1754_LFFHG8_1	1081	133
1754_LFFHG8_1	1082	133
1754_LFFHG8_1	1083	133
1754_LFFHG8_1	1084	133
1754_LFFHG8_1	1085	135
1754_LFFHG8_1	1086	132
1754_LFFHG8_1	1087	134
1754_LFFHG8_1	1088	138
1754_LFFHG8_1	1089	136
1754_LFFHG8_1	1090	139
1754_LFFHG8_1	1091	139
1754_LFFHG8_1	1092	139
1754_LFFHG8_1	1093	139
1754_LFFHG8_1	1094	136
1754_LFFHG8_1	1095	140
1754_LFFHG8_1	1096	140
1754_LFFHG8_1	1097	140
1754_LFFHG8_1	1098	140
1754_LFFHG8_1	1099	140
1754_LFFHG8_1	1100	138
1754_LFFHG8_1	1101	139
1754_LFFHG8_1	1102	140
1754_LFFHG8_1	1103	140
1754_LFFHG8_1	1104	140
1754_LFFHG8_1	1105	138
1754_LFFHG8_1	1106	140
1754_LFFHG8_1	1107	140
1754_LFFHG8_1	1108	140
1754_LFFHG8_1	1109	140
1754_LFFHG8_1	1110	138
1754_LFFHG8_1	1111	139
1754_LFFHG8_1	1112	138
1754_LFFHG8_1	1113	136
1754_LFFHG8_1	1114	138
1754_LFFHG8_1	1115	138
1754_LFFHG8_1	1116	138
1754_LFFHG8_1	1117	136
1754_LFFHG8_1	1118	138
1754_LFFHG8_1	1119	138
1754_LFFHG8_1	1120	137
1754_LFFHG8_1	1121	139
1754_LFFHG8_1	1122	138
1754_LFFHG8_1	1123	137
1754_LFFHG8_1	1124	138
1754_LFFHG8_1	1125	138
1754_LFFHG8_1	1126	137
1754_LFFHG8_1	1127	138
1754_LFFHG8_1	1128	138
1754_LFFHG8_1	1129	138
1754_LFFHG8_1	1130	138
1754_LFFHG8_1	1131	138
1754_LFFHG8_1	1132	136
1754_LFFHG8_1	1133	135
1754_LFFHG8_1	1134	135
1754_LFFHG8_1	1135	136
1754_LFFHG8_1	1136	136
1754_LFFHG8_1	1137	136
1754_LFFHG8_1	1138	136
1754_LFFHG8_1	1139	136
1754_LFFHG8_1	1140	136
1754_LFFHG8_1	1141	134
1754_LFFHG8_1	1142	136
1754_LFFHG8_1	1143	135
1754_LFFHG8_1	1144	134
1754_LFFHG8_1	1145	136
1754_LFFHG8_1	1146	134
1754_LFFHG8_1	1147	134
1754_LFFHG8_1	1148	134
1754_LFFHG8_1	1149	135
1754_LFFHG8_1	1150	135
1754_LFFHG8_1	1151	135
1754_LFFHG8_1	1152	133
1754_LFFHG8_1	1153	134
1754_LFFHG8_1	1154	134
1754_LFFHG8_1	1155	135
1754_LFFHG8_1	1156	134
1754_LFFHG8_1	1157	132
1754_LFFHG8_1	1158	132
1754_LFFHG8_1	1159	134
1754_LFFHG8_1	1160	132
1754_LFFHG8_1	1161	133
1754_LFFHG8_1	1162	133
1754_LFFHG8_1	1163	128
1754_LFFHG8_1	1164	133
1754_LFFHG8_1	1165	133
1754_LFFHG8_1	1166	133
1754_LFFHG8_1	1167	133
1754_LFFHG8_1	1168	132
1754_LFFHG8_1	1169	132
1754_LFFHG8_1	1170	133
1754_LFFHG8_1	1171	133
1754_LFFHG8_1	1172	133
1754_LFFHG8_1	1173	134
1754_LFFHG8_1	1174	134
1754_LFFHG8_1	1175	133
1754_LFFHG8_1	1176	135
1754_LFFHG8_1	1177	134
1754_LFFHG8_1	1178	133
1754_LFFHG8_1	1179	135
1754_LFFHG8_1	1180	134
1754_LFFHG8_1	1181	133
1754_LFFHG8_1	1182	133
1754_LFFHG8_1	1183	134
1754_LFFHG8_1	1184	135
1754_LFFHG8_1	1185	135
1754_LFFHG8_1	1186	135
1754_LFFHG8_1	1187	135
1754_LFFHG8_1	1188	134
1754_LFFHG8_1	1189	134
1754_LFFHG8_1	1190	134
1754_LFFHG8_1	1191	132
1754_LFFHG8_1	1192	131
1754_LFFHG8_1	1193	130
1754_LFFHG8_1	1194	129
1754_LFFHG8_1	1195	132
1754_LFFHG8_1	1196	131
1754_LFFHG8_1	1197	128
1754_LFFHG8_1	1198	130
1754_LFFHG8_1	1199	130
1754_LFFHG8_1	1200	126
1754_LFFHG8_1	1201	128
1754_LFFHG8_1	1202	129
1754_LFFHG8_1	1203	129
1754_LFFHG8_1	1204	128
1754_LFFHG8_1	1205	129
1754_LFFHG8_1	1206	129
1754_LFFHG8_1	1207	128
1754_LFFHG8_1	1208	126
1754_LFFHG8_1	1209	128
1754_LFFHG8_1	1210	128
1754_LFFHG8_1	1211	129
1754_LFFHG8_1	1212	129
1754_LFFHG8_1	1213	127
1754_LFFHG8_1	1214	122
1754_LFFHG8_1	1215	123
1754_LFFHG8_1	1216	123
1754_LFFHG8_1	1217	123
1754_LFFHG8_1	1218	123
1754_LFFHG8_1	1219	122
1754_LFFHG8_1	1220	121
1754_LFFHG8_1	1221	119
1754_LFFHG8_1	1222	121
1754_LFFHG8_1	1223	122
1754_LFFHG8_1	1224	122
1754_LFFHG8_1	1225	122
1754_LFFHG8_1	1226	122
1754_LFFHG8_1	1227	122
1754_LFFHG8_1	1228	122
1754_LFFHG8_1	1229	119
1754_LFFHG8_1	1230	143
1754_LFFHG8_1	1231	143
1754_LFFHG8_1	1232	143
1754_LFFHG8_1	1233	142
1754_LFFHG8_1	1234	142
1754_LFFHG8_1	1235	140
1754_LFFHG8_1	1236	136
1754_LFFHG8_1	1237	136
1754_LFFHG8_1	1238	53
1754_LFFHG8_1	1239	53
1754_LFFHG8_1	1240	53
1754_LFFHG8_1	1241	47
1754_LFFHG8_1	1242	85
1754_LFFHG8_1	1243	85
1754_LFFHG8_1	1244	85
1754_LFFHG8_1	1245	85
1754_LFFHG8_1	1246	81
1754_LFFHG8_1	1247	81
1754_LFFHG8_1	1248	84
1754_LFFHG8_1	1249	84
1754_LFFHG8_1	1250	82
1754_LFFHG8_1	1251	82
1754_LFFHG8_1	1252	81
1754_LFFHG8_1	1253	81
1754_LFFHG8_1	1254	41
1754_LFFHG8_1	1255	86
1754_LFFHG8_1	1256	86
1754_LFFHG8_1	1257	85
1754_LFFHG8_1	1258	84
1754_LFFHG8_1	1259	76
1754_LFFHG8_1	1260	76
1754_LFFHG8_1	1261	71
1754_LFFHG8_1	1262	76
1754_LFFHG8_1	1263	75
1754_LFFHG8_1	1264	76
1754_LFFHG8_1	1265	73
1754_LFFHG8_1	1266	71
1754_LFFHG8_1	1267	75
1754_LFFHG8_1	1268	78
1754_LFFHG8_1	1269	76
1754_LFFHG8_1	1270	77
1754_LFFHG8_1	1271	77
1754_LFFHG8_1	1272	77
1754_LFFHG8_1	1273	74
1754_LFFHG8_1	1274	75
1754_LFFHG8_1	1275	76
1754_LFFHG8_1	1276	73
1754_LFFHG8_1	1277	72
1754_LFFHG8_1	1278	72
1754_LFFHG8_1	1279	72
1754_LFFHG8_1	1280	70
1754_LFFHG8_1	1281	67
1754_LFFHG8_1	1282	67
1754_LFFHG8_1	1283	68
1754_LFFHG8_1	1284	68
1754_LFFHG8_1	1285	68
1754_LFFHG8_1	1286	73
1754_LFFHG8_1	1287	71
1754_LFFHG8_1	1288	72
1754_LFFHG8_1	1289	72
1754_LFFHG8_1	1290	73
1754_LFFHG8_1	1291	73
1754_LFFHG8_1	1292	72
1754_LFFHG8_1	1293	72
1754_LFFHG8_1	1294	72
1754_LFFHG8_1	1295	69
1754_LFFHG8_1	1296	67
1754_LFFHG8_1	1297	71
1754_LFFHG8_1	1298	72
1754_LFFHG8_1	1299	71
1754_LFFHG8_1	1300	73
1754_LFFHG8_1	1301	72
1754_LFFHG8_1	1302	72
1754_LFFHG8_1	1303	73
1754_LFFHG8_1	1304	72
1754_LFFHG8_1	1305	73
1754_LFFHG8_1	1306	72
1754_LFFHG8_1	1307	69
1754_LFFHG8_1	1308	70
1754_LFFHG8_1	1309	72
1754_LFFHG8_1	1310	72
1754_LFFHG8_1	1311	73
1754_LFFHG8_1	1312	73
1754_LFFHG8_1	1313	71
1754_LFFHG8_1	1314	72
1754_LFFHG8_1	1315	70
1754_LFFHG8_1	1316	68
1754_LFFHG8_1	1317	68
1754_LFFHG8_1	1318	70
1754_LFFHG8_1	1319	67
1754_LFFHG8_1	1320	70
1754_LFFHG8_1	1321	64
1754_LFFHG8_1	1322	68
1754_LFFHG8_1	1323	70
1754_LFFHG8_1	1324	70
1754_LFFHG8_1	1325	69
1754_LFFHG8_1	1326	67
1754_LFFHG8_1	1327	67
1754_LFFHG8_1	1328	68
1754_LFFHG8_1	1329	68
1754_LFFHG8_1	1330	68
1754_LFFHG8_1	1331	69
1754_LFFHG8_1	1332	68
1754_LFFHG8_1	1333	68
1754_LFFHG8_1	1334	70
1754_LFFHG8_1	1335	69
1754_LFFHG8_1	1336	67
1754_LFFHG8_1	1337	69
1754_LFFHG8_1	1338	70
1754_LFFHG8_1	1339	70
1754_LFFHG8_1	1340	68
1754_LFFHG8_1	1341	65
1754_LFFHG8_1	1342	66
1754_LFFHG8_1	1343	66
1754_LFFHG8_1	1344	65
1754_LFFHG8_1	1345	65
1754_LFFHG8_1	1346	63
1754_LFFHG8_1	1347	66
1754_LFFHG8_1	1348	68
1754_LFFHG8_1	1349	68
1754_LFFHG8_1	1350	66
1754_LFFHG8_1	1351	68
1754_LFFHG8_1	1352	70
1754_LFFHG8_1	1353	68
1754_LFFHG8_1	1354	69
1754_LFFHG8_1	1355	69
1754_LFFHG8_1	1356	69
1754_LFFHG8_1	1357	69
1754_LFFHG8_1	1358	68
1754_LFFHG8_1	1359	67
1754_LFFHG8_1	1360	65
1754_LFFHG8_1	1361	66
1754_LFFHG8_1	1362	67
1754_LFFHG8_1	1363	67
1754_LFFHG8_1	1364	67
1754_LFFHG8_1	1365	68
1754_LFFHG8_1	1366	65
1754_LFFHG8_1	1367	65
1754_LFFHG8_1	1368	67
1754_LFFHG8_1	1369	65
1754_LFFHG8_1	1370	68
1754_LFFHG8_1	1371	67
1754_LFFHG8_1	1372	67
1754_LFFHG8_1	1373	66
1754_LFFHG8_1	1374	62
1754_LFFHG8_1	1375	61
1754_LFFHG8_1	1376	63
1754_LFFHG8_1	1377	67
1754_LFFHG8_1	1378	68
1754_LFFHG8_1	1379	65
1754_LFFHG8_1	1380	69
1754_LFFHG8_1	1381	69
1754_LFFHG8_1	1382	68
1754_LFFHG8_1	1383	69
1754_LFFHG8_1	1384	67
1754_LFFHG8_1	1385	64
1754_LFFHG8_1	1386	68
1754_LFFHG8_1	1387	68
1754_LFFHG8_1	1388	69
1754_LFFHG8_1	1389	68
1754_LFFHG8_1	1390	68
1754_LFFHG8_1	1391	64
1754_LFFHG8_1	1392	62
1754_LFFHG8_1	1393	60
1754_LFFHG8_1	1394	60
1754_LFFHG8_1	1395	60
1754_LFFHG8_1	1396	60
1754_LFFHG8_1	1397	51
1754_LFFHG8_1	1398	51
1754_LFFHG8_1	1399	50
1754_LFFHG8_1	1400	49
1754_LFFHG8_1	1401	47
1754_LFFHG8_1	1402	46
1754_LFFHG8_1	1403	43
1754_LFFHG8_1	1404	43
1754_LFFHG8_1	1405	41
1754_LFFHG8_1	1406	40
1754_LFFHG8_1	1407	35
1754_LFFHG8_1	1408	34
1754_LFFHG8_1	1409	38
1754_LFFHG8_1	1410	38
1754_LFFHG8_1	1411	38
1754_LFFHG8_1	1412	38
1754_LFFHG8_1	1413	38
1754_LFFHG8_1	1414	37
1754_LFFHG8_1	1415	37
1754_LFFHG8_1	1416	37
1754_LFFHG8_1	1417	37
1754_LFFHG8_1	1418	38
1754_LFFHG8_1	1419	39
1754_LFFHG8_1	1420	39
1754_LFFHG8_1	1421	39
1754_LFFHG8_1	1422	39
1754_LFFHG8_1	1423	39
1754_LFFHG8_1	1424	37
1754_LFFHG8_1	1425	37
1754_LFFHG8_1	1426	39
1754_LFFHG8_1	1427	38
1754_LFFHG8_1	1428	39
1754_LFFHG8_1	1429	39
1754_LFFHG8_1	1430	38
1754_LFFHG8_1	1431	38
1754_LFFHG8_1	1432	39
1754_LFFHG8_1	1433	37
1754_LFFHG8_1	1434	37
1754_LFFHG8_1	1435	35
1754_LFFHG8_1	1436	37
1754_LFFHG8_1	1437	37
1754_LFFHG8_1	1438	37
1754_LFFHG8_1	1439	37
1754_LFFHG8_1	1440	37
1754_LFFHG8_1	1441	39
1754_LFFHG8_1	1442	35
1754_LFFHG8_1	1443	38
1754_LFFHG8_1	1444	38
1754_LFFHG8_1	1445	39
1754_LFFHG8_1	1446	38
1754_LFFHG8_1	1447	35
1754_LFFHG8_1	1448	38
1754_LFFHG8_1	1449	38
1754_LFFHG8_1	1450	39
1754_LFFHG8_1	1451	39
1754_LFFHG8_1	1452	39
1754_LFFHG8_1	1453	36
1754_LFFHG8_1	1454	37
1754_LFFHG8_1	1455	38
1754_LFFHG8_1	1456	39
1754_LFFHG8_1	1457	39
1754_LFFHG8_1	1458	39
1754_LFFHG8_1	1459	39
1754_LFFHG8_1	1460	39
1754_LFFHG8_1	1461	39
1754_LFFHG8_1	1462	38
1754_LFFHG8_1	1463	38
1754_LFFHG8_1	1464	37
1754_LFFHG8_1	1465	38
1754_LFFHG8_1	1466	36
1754_LFFHG8_1	1467	37
1754_LFFHG8_1	1468	38
1754_LFFHG8_1	1469	38
1754_LFFHG8_1	1470	39
1754_LFFHG8_1	1471	38
1754_LFFHG8_1	1472	37
1754_LFFHG8_1	1473	38
1754_LFFHG8_1	1474	38
1754_LFFHG8_1	1475	38
1754_LFFHG8_1	1476	37
1754_LFFHG8_1	1477	37
1754_LFFHG8_1	1478	36
1754_LFFHG8_1	1479	36
1754_LFFHG8_1	1480	35
1754_LFFHG8_1	1481	36
1754_LFFHG8_1	1482	20
1754_LFFHG8_1	1483	22
1754_LFFHG8_1	1484	22
1754_LFFHG8_1	1485	36
1754_LFFHG8_1	1486	37
1754_LFFHG8_1	1487	37
1754_LFFHG8_1	1488	36
1754_LFFHG8_1	1489	36
1754_LFFHG8_1	1490	36
1754_LFFHG8_1	1491	35
1754_LFFHG8_1	1492	34
1754_LFFHG8_1	1493	35
1754_LFFHG8_1	1494	37
1754_LFFHG8_1	1495	35
1754_LFFHG8_1	1496	36
1754_LFFHG8_1	1497	36
1754_LFFHG8_1	1498	37
1754_LFFHG8_1	1499	35
1754_LFFHG8_1	1500	36
1754_LFFHG8_1	1501	36
1754_LFFHG8_1	1502	37
1754_LFFHG8_1	1503	37
1754_LFFHG8_1	1504	37
1754_LFFHG8_1	1505	11
1754_LFFHG8_1	1506	36
1754_LFFHG8_1	1507	36
1754_LFFHG8_1	1508	36
1754_LFFHG8_1	1509	37
1754_LFFHG8_1	1510	38
1754_LFFHG8_1	1511	40
1754_LFFHG8_1	1512	37
1754_LFFHG8_1	1513	37
1754_LFFHG8_1	1514	31
1754_LFFHG8_1	1515	44
1754_LFFHG8_1	1516	50
1754_LFFHG8_1	1517	69
1754_LFFHG8_1	1518	82
1754_LFFHG8_1	1519	91
1754_LFFHG8_1	1520	95
1754_LFFHG8_1	1521	103
1754_LFFHG8_1	1522	114
1754_LFFHG8_1	1523	120
1754_LFFHG8_1	1524	123
1754_LFFHG8_1	1525	128
1754_LFFHG8_1	1526	131
1754_LFFHG8_1	1527	134
1754_LFFHG8_1	1528	137
1754_LFFHG8_1	1529	139
1754_LFFHG8_1	1530	142
1754_LFFHG8_1	1531	142
1754_LFFHG8_1	1532	141
1754_LFFHG8_1	1533	137
1754_LFFHG8_1	1534	126
1754_LFFHG8_1	1535	124
1754_LFFHG8_1	1536	128
1754_LFFHG8_1	1537	145
1754_LFFHG8_1	1538	142
1754_LFFHG8_1	1539	143
1754_LFFHG8_1	1540	161
1754_LFFHG8_1	1541	161
1754_LFFHG8_1	1542	161
1754_LFFHG8_1	1543	161
1754_LFFHG8_1	1544	161
1754_LFFHG8_1	1545	161
1754_LFFHG8_1	1546	164
1754_LFFHG8_1	1547	164
1754_LFFHG8_1	1548	163
1754_LFFHG8_1	1549	162
1754_LFFHG8_1	1550	164
1754_LFFHG8_1	1551	163
1754_LFFHG8_1	1552	145
1754_LFFHG8_1	1553	157
1754_LFFHG8_1	1554	149
1754_LFFHG8_1	1555	151
1754_LFFHG8_1	1556	154
1754_LFFHG8_1	1557	146
1754_LFFHG8_1	1558	148
1754_LFFHG8_1	1559	139
1754_LFFHG8_1	1560	163
1754_LFFHG8_1	1561	164
1754_LFFHG8_1	1562	163
1754_LFFHG8_1	1563	164
1754_LFFHG8_1	1564	159
1754_LFFHG8_1	1565	165
1754_LFFHG8_1	1566	165
1754_LFFHG8_1	1567	165
1754_LFFHG8_1	1568	165
1754_LFFHG8_1	1569	163
1754_LFFHG8_1	1570	165
1754_LFFHG8_1	1571	135
1754_LFFHG8_1	1572	162
1754_LFFHG8_1	1573	155
1754_LFFHG8_1	1574	135
1754_LFFHG8_1	1575	126
1754_LFFHG8_1	1576	143
1754_LFFHG8_1	1577	140
1754_LFFHG8_1	1578	139
1754_LFFHG8_1	1579	147
1754_LFFHG8_1	1580	142
1754_LFFHG8_1	1581	144
1754_LFFHG8_1	1582	143
1754_LFFHG8_1	1583	150
1754_LFFHG8_1	1584	144
1754_LFFHG8_1	1585	137
1754_LFFHG8_1	1586	127
1754_LFFHG8_1	1587	103
1754_LFFHG8_1	1588	126
1754_LFFHG8_1	1589	151
1754_LFFHG8_1	1590	164
1754_LFFHG8_1	1591	164
1754_LFFHG8_1	1592	164
1754_LFFHG8_1	1593	164
1754_LFFHG8_1	1594	162
1754_LFFHG8_1	1595	163
1754_LFFHG8_1	1596	164
1754_LFFHG8_1	1597	164
1754_LFFHG8_1	1598	164
1754_LFFHG8_1	1599	164
1754_LFFHG8_1	1600	163
1754_LFFHG8_1	1601	164
1754_LFFHG8_1	1602	164
1754_LFFHG8_1	1603	164
1754_LFFHG8_1	1604	164
1754_LFFHG8_1	1605	164
1754_LFFHG8_1	1606	164
1754_LFFHG8_1	1607	163
1754_LFFHG8_1	1608	162
1754_LFFHG8_1	1609	162
1754_LFFHG8_1	1610	161
1754_LFFHG8_1	1611	160
1754_LFFHG8_1	1612	160
1754_LFFHG8_1	1613	160
1754_LFFHG8_1	1614	160
1754_LFFHG8_1	1615	157
1754_LFFHG8_1	1616	154
1754_LFFHG8_1	1617	42
